<?xml version="1.0"?>
<config xmlns:xsi="http://www.w3.org/2001/XMLSchema-instance" xsi:noNamespaceSchemaLocation="urn:magento:framework:Acl/etc/acl.xsd">
    <acl>
        <resources>
            <resource id="Magento_Backend::admin">
                <resource id="Magento_Backend::system">
                    <resource id="Xtento_XtCore::extensions">
                        <resource id="Xtento_CustomOrderNumber::configuration" title="Order Number Customizer" sortOrder="30"/>
                    </resource>
                </resource>
            </resource>
        </resources>
    </acl>
</config>
<!--
/**
 * Product:       Xtento_CustomOrderNumber (2.1.4)
 * ID:            Vqe1Nlt+QHcjmGhTx6IEBsWMPAIAPerLtUmPxDsEfQM=
 * Packaged:      2017-11-06T09:34:50+00:00
 * Last Modified: 2016-02-25T18:51:32+00:00
 * File:          app/code/Xtento/CustomOrderNumber/etc/acl.xml
 * Copyright:     Copyright (c) 2017 XTENTO GmbH & Co. KG <info@xtento.com> / All rights reserved.
 */
-->