<?xml version="1.0"?>
<config xmlns:xsi="http://www.w3.org/2001/XMLSchema-instance" xsi:noNamespaceSchemaLocation="urn:magento:framework:ObjectManager/etc/config.xsd">
    <type name="Magento\Quote\Model\ResourceModel\Quote">
        <plugin name="Xtento_CustomOrderNumber::manipulateReservedOrderId" type="Xtento\CustomOrderNumber\Plugin\Model\Quote\ResourceModel\QuotePlugin"/>
    </type>
    <type name="Xtento\CustomOrderNumber\Logger\Handler">
        <arguments>
            <argument name="filesystem" xsi:type="object">Magento\Framework\Filesystem\Driver\File</argument>
        </arguments>
    </type>
    <type name="Xtento\CustomOrderNumber\Logger\Logger">
        <arguments>
            <argument name="name" xsi:type="string">xtentoLogger</argument>
            <argument name="handlers" xsi:type="array">
                <item name="system" xsi:type="object">Xtento\CustomOrderNumber\Logger\Handler</item>
            </argument>
        </arguments>
    </type>
</config>
<!--
/**
 * Product:       Xtento_CustomOrderNumber (2.1.4)
 * ID:            Vqe1Nlt+QHcjmGhTx6IEBsWMPAIAPerLtUmPxDsEfQM=
 * Packaged:      2017-11-06T09:34:50+00:00
 * Last Modified: 2016-08-12T13:49:03+00:00
 * File:          app/code/Xtento/CustomOrderNumber/etc/di.xml
 * Copyright:     Copyright (c) 2017 XTENTO GmbH & Co. KG <info@xtento.com> / All rights reserved.
 */
-->