<?xml version="1.0"?>
<!--
/**
 * BSS Commerce Co.
 *
 * NOTICE OF LICENSE
 *
 * This source file is subject to the EULA
 * that is bundled with this package in the file LICENSE.txt.
 * It is also available through the world-wide-web at this URL:
 * http://bsscommerce.com/Bss-Commerce-License.txt
 *
 * =================================================================
 *                 MAGENTO EDITION USAGE NOTICE
 * =================================================================
 * This package designed for Magento COMMUNITY edition
 * BSS Commerce does not guarantee correct work of this extension
 * on any other Magento edition except Magento COMMUNITY edition.
 * BSS Commerce does not provide extension support in case of
 * incorrect edition usage.
 * =================================================================
 *
 * @category   BSS
 * @package    Bss_OrderDeliveryDate
 * @author     Extension Team
 * @copyright  Copyright (c) 2015-2016 BSS Commerce Co. ( http://bsscommerce.com )
 * @license    http://bsscommerce.com/Bss-Commerce-License.txt
 */
-->
<config xmlns:xsi="http://www.w3.org/2001/XMLSchema-instance" xsi:noNamespaceSchemaLocation="urn:magento:framework:ObjectManager/etc/config.xsd">
    <type name="Magento\Checkout\Model\CompositeConfigProvider">
        <arguments>
            <argument name="configProviders" xsi:type="array">
                <item name="bss_delivery_date" xsi:type="object">Bss\OrderDeliveryDate\Model\CompositeConfigProvider</item>
            </argument>
        </arguments>
    </type>
</config>
