<?xml version="1.0"?>
<!--
/**
 * BSS Commerce Co.
 *
 * NOTICE OF LICENSE
 *
 * This source file is subject to the EULA
 * that is bundled with this package in the file LICENSE.txt.
 * It is also available through the world-wide-web at this URL:
 * http://bsscommerce.com/Bss-Commerce-License.txt
 *
 * =================================================================
 *                 MAGENTO EDITION USAGE NOTICE
 * =================================================================
 * This package designed for Magento COMMUNITY edition
 * BSS Commerce does not guarantee correct work of this extension
 * on any other Magento edition except Magento COMMUNITY edition.
 * BSS Commerce does not provide extension support in case of
 * incorrect edition usage.
 * =================================================================
 *
 * @category   BSS
 * @package    Bss_OrderDeliveryDate
 * @author     Extension Team
 * @copyright  Copyright (c) 2015-2016 BSS Commerce Co. ( http://bsscommerce.com )
 * @license    http://bsscommerce.com/Bss-Commerce-License.txt
 */
-->
<config xmlns:xsi="http://www.w3.org/2001/XMLSchema-instance" xsi:noNamespaceSchemaLocation="urn:magento:framework:ObjectManager/etc/config.xsd">
    <type name="Magento\Checkout\Block\Checkout\LayoutProcessor">
        <plugin name="order-delivery-date"
                type="Bss\OrderDeliveryDate\Block\Plugin\Checkout\LayoutProcessorPlugin" sortOrder="10"/>
    </type>
    <type name="Magento\Checkout\Model\ShippingInformationManagement">
        <plugin name="save-in-quote" type="Bss\OrderDeliveryDate\Model\Plugin\Checkout\ShippingInformationManagementPlugin" sortOrder="11"/>
    </type>

    <preference for="Magento\Sales\Model\Order\Email\Sender\OrderCommentSender" type="Bss\OrderDeliveryDate\Model\Plugin\Sales\Order\Email\Sender\OrderCommentSender" />
    <preference for="Magento\Sales\Model\Order\Email\Sender\ShipmentSender" type="Bss\OrderDeliveryDate\Model\Plugin\Sales\Order\Email\Sender\ShipmentSender" />
    <preference for="Magento\Sales\Model\Order\Email\Sender\ShipmentCommentSender" type="Bss\OrderDeliveryDate\Model\Plugin\Sales\Order\Email\Sender\ShipmentCommentSender" />
    <preference for="Magento\Sales\Model\Order\Email\Sender\InvoiceSender" type="Bss\OrderDeliveryDate\Model\Plugin\Sales\Order\Email\Sender\InvoiceSender" />
    <preference for="Magento\Sales\Model\Order\Email\Sender\InvoiceCommentSender" type="Bss\OrderDeliveryDate\Model\Plugin\Sales\Order\Email\Sender\InvoiceCommentSender" />
    <preference for="Magento\Sales\Model\Order\Email\Sender\CreditmemoSender" type="Bss\OrderDeliveryDate\Model\Plugin\Sales\Order\Email\Sender\CreditmemoSender" />
    <preference for="Magento\Sales\Model\Order\Email\Sender\CreditmemoCommentSender" type="Bss\OrderDeliveryDate\Model\Plugin\Sales\Order\Email\Sender\CreditmemoCommentSender" />
    <preference for="Magento\Quote\Model\QuoteManagement" type="Bss\OrderDeliveryDate\Model\Plugin\Quote\QuoteManagement" />
    <preference for="Magento\Sales\Model\Order\Pdf\Invoice" type="Bss\OrderDeliveryDate\Model\Plugin\Sales\Order\Pdf\Invoice" />
    <preference for="Magento\Sales\Model\Order\Pdf\Shipment" type="Bss\OrderDeliveryDate\Model\Plugin\Sales\Order\Pdf\Shipment" />
    <preference for="Magento\Sales\Model\Order\Pdf\Creditmemo" type="Bss\OrderDeliveryDate\Model\Plugin\Sales\Order\Pdf\Creditmemo" />
    <preference for="Magento\Email\Model\BackendTemplate" type="Bss\OrderDeliveryDate\Model\Plugin\Email\BackendTemplate" />

    <virtualType name="Magento\Sales\Model\ResourceModel\Order\Grid" type="Magento\Sales\Model\ResourceModel\Grid">
        <arguments>
            <argument name="columns" xsi:type="array">
                <item name="shipping_arrival_date" xsi:type="string">sales_order.shipping_arrival_date</item>
                <item name="shipping_arrival_timeslot" xsi:type="string">sales_order.shipping_arrival_timeslot</item>
                <item name="shipping_arrival_comments" xsi:type="string">sales_order.shipping_arrival_comments</item>
            </argument>
        </arguments>
    </virtualType>
</config>
