<?xml version="1.0"?>
<!--
/**
 * BSS Commerce Co.
 *
 * NOTICE OF LICENSE
 *
 * This source file is subject to the EULA
 * that is bundled with this package in the file LICENSE.txt.
 * It is also available through the world-wide-web at this URL:
 * http://bsscommerce.com/Bss-Commerce-License.txt
 *
 * =================================================================
 *                 MAGENTO EDITION USAGE NOTICE
 * =================================================================
 * This package designed for Magento COMMUNITY edition
 * BSS Commerce does not guarantee correct work of this extension
 * on any other Magento edition except Magento COMMUNITY edition.
 * BSS Commerce does not provide extension support in case of
 * incorrect edition usage.
 * =================================================================
 *
 * @category   BSS
 * @package    Bss_OrderDeliveryDate
 * @author     Extension Team
 * @copyright  Copyright (c) 2015-2016 BSS Commerce Co. ( http://bsscommerce.com )
 * @license    http://bsscommerce.com/Bss-Commerce-License.txt
 */
-->
<config xmlns:xsi="http://www.w3.org/2001/XMLSchema-instance" xsi:noNamespaceSchemaLocation="urn:magento:framework:Api/etc/extension_attributes.xsd">
    <extension_attributes for="Magento\Checkout\Api\Data\ShippingInformationInterface">
        <attribute code="shipping_arrival_date" type="string"/>
        <attribute code="shipping_arrival_comments" type="string"/>
        <attribute code="delivery_time_slot" type="string"/>
    </extension_attributes>
    <extension_attributes for="Magento\Quote\Api\Data\TotalsInterface">
        <attribute code="shipping_arrival_date" type="string"/>
        <attribute code="shipping_arrival_comments" type="string"/>
        <attribute code="delivery_time_slot" type="string"/>
    </extension_attributes>
    <extension_attributes for="Magento\Quote\Api\Data\AddressInterface">
        <attribute code="shipping_arrival_date" type="string"/>
        <attribute code="shipping_arrival_comments" type="string"/>
        <attribute code="delivery_time_slot" type="string"/>
    </extension_attributes>
</config>
