<?xml version="1.0"?>
<config xmlns:xsi="http://www.w3.org/2001/XMLSchema-instance" xsi:noNamespaceSchemaLocation="urn:magento:framework:Event/etc/events.xsd">
    <event name="sales_order_save_after">
        <observer name="xtento_orderexport_sales_order_save_after" instance="Xtento\OrderExport\Observer\SalesOrderSaveAfterObserver" shared="false"/>
    </event>
    <event name="sales_order_place_after">
        <observer name="xtento_orderexport_sales_order_place_after" instance="Xtento\OrderExport\Observer\SalesOrderPlaceAfterObserver" shared="false"/>
    </event>
    <event name="sales_order_payment_place_end">
        <observer name="xtento_orderexport_sales_order_payment_place_end" instance="Xtento\OrderExport\Observer\SalesOrderPaymentPlaceEndObserver" shared="false"/>
    </event>
    <event name="sales_order_invoice_register">
        <observer name="xtento_orderexport_sales_order_invoice_register" instance="Xtento\OrderExport\Observer\SalesOrderInvoiceRegisterObserver" shared="false"/>
    </event>
    <event name="sales_order_invoice_pay">
        <observer name="xtento_orderexport_sales_order_invoice_pay" instance="Xtento\OrderExport\Observer\SalesOrderInvoicePayObserver" shared="false"/>
    </event>
    <event name="sales_order_shipment_save_after">
        <observer name="xtento_orderexport_sales_order_shipment_save_after" instance="Xtento\OrderExport\Observer\SalesOrderShipmentSaveAfterObserver" shared="false"/>
    </event>
    <event name="sales_order_creditmemo_save_after">
        <observer name="xtento_orderexport_sales_order_creditmemo_save_after" instance="Xtento\OrderExport\Observer\SalesOrderCreditmemoSaveAfterObserver" shared="false"/>
    </event>
    <event name="customer_save_after">
        <observer name="xtento_orderexport_customer_save_after" instance="Xtento\OrderExport\Observer\CustomerSaveAfterObserver" shared="false"/>
        <observer name="xtento_orderexport_customer_save_after_registration" instance="Xtento\OrderExport\Observer\CustomerSaveAfterRegistrationObserver" shared="false"/>
    </event>
    <event name="customer_address_save_after">
        <observer name="xtento_orderexport_customer_address_save_after_registration" instance="Xtento\OrderExport\Observer\CustomerAddressSaveAfterObserver" shared="false"/>
    </event>
</config>
<!--
/**
 * Product:       Xtento_OrderExport (2.3.9)
 * ID:            Vqe1Nlt+QHcjmGhTx6IEBsWMPAIAPerLtUmPxDsEfQM=
 * Packaged:      2017-11-06T09:34:59+00:00
 * Last Modified: 2016-04-26T19:13:19+00:00
 * File:          app/code/Xtento/OrderExport/etc/events.xml
 * Copyright:     Copyright (c) 2017 XTENTO GmbH & Co. KG <info@xtento.com> / All rights reserved.
 */
-->